{
  "activeTopics": [
    "science",
    "artificial intelligence"
  ],
  "semanticClusters": {
    "science": {
      "count": 8,
      "relatedQuestions": [
        "Hello!",
        "Store this information: what is this",
        "hi",
        "score",
        "hi",
        "What can you do?",
        "shsahnk trivedi",
        "what is ai"
      ],
      "contexts": [
        "**[Generated by Enhanced Local Analysis]**\n\nBased on my analysis of the content:\n\n**Main Point**: Provide a helpful, informative response based on general knowledge\n\n*Confidence: Low (based on 1 relev...",
        "**[Generated by Enhanced Local Analysis]**\n\nBased on my analysis of the content:\n\n**Main Point**: Question: Store this information: what is this\n\n**Additional Information**: This is a general question...",
        "**[Generated by Enhanced Local Analysis]**\n\nI couldn't find a direct answer to \"hi\" in the provided content. However, the document discusses several related topics including: default.\n\n**Suggestion**:...",
        "**[Generated by Enhanced Local Analysis]**\n\nI couldn't find a direct answer to \"score\" in the provided content. However, the document discusses several related topics including: default.\n\n**Suggestion...",
        "**[Generated by Enhanced Local Analysis]**\n\nI couldn't find a direct answer to \"hi\" in the provided content. However, the document discusses several related topics including: default.\n\n**Suggestion**:...",
        "**[Generated by Enhanced Local Analysis]**\n\nI couldn't find a direct answer to \"What can you do?\" in the provided content. However, the document discusses several related topics including: default.\n\n*...",
        "**[Generated by Enhanced Local Analysis]**\n\nI couldn't find a direct answer to \"shsahnk trivedi\" in the provided content. However, the document discusses several related topics including: default.\n\n**...",
        "**[Generated by Enhanced Local Analysis]**\n\nI couldn't find a direct answer to \"what is ai\" in the provided content. However, the document discusses several related topics including: default.\n\n**Sugge..."
      ]
    },
    "artificial intelligence": {
      "count": 6,
      "relatedQuestions": [
        "hi",
        "score",
        "hi",
        "What can you do?",
        "shsahnk trivedi",
        "what is ai"
      ],
      "contexts": [
        "**[Generated by Enhanced Local Analysis]**\n\nI couldn't find a direct answer to \"hi\" in the provided content. However, the document discusses several related topics including: default.\n\n**Suggestion**:...",
        "**[Generated by Enhanced Local Analysis]**\n\nI couldn't find a direct answer to \"score\" in the provided content. However, the document discusses several related topics including: default.\n\n**Suggestion...",
        "**[Generated by Enhanced Local Analysis]**\n\nI couldn't find a direct answer to \"hi\" in the provided content. However, the document discusses several related topics including: default.\n\n**Suggestion**:...",
        "**[Generated by Enhanced Local Analysis]**\n\nI couldn't find a direct answer to \"What can you do?\" in the provided content. However, the document discusses several related topics including: default.\n\n*...",
        "**[Generated by Enhanced Local Analysis]**\n\nI couldn't find a direct answer to \"shsahnk trivedi\" in the provided content. However, the document discusses several related topics including: default.\n\n**...",
        "**[Generated by Enhanced Local Analysis]**\n\nI couldn't find a direct answer to \"what is ai\" in the provided content. However, the document discusses several related topics including: default.\n\n**Sugge..."
      ]
    }
  },
  "documentSummaries": {},
  "keyEntities": {},
  "message": "Context Memory Data",
  "initialized": true,
  "timestamp": "2025-01-08T00:00:00.000Z"
}