{
  "0": {
    "id": "6caa78eb3057d7c6",
    "sessionId": "default",
    "timestamp": "2025-08-09T15:51:13.515Z",
    "question": "Hello!",
    "answer": "**[Generated by Enhanced Local Analysis]**\n\nBased on my analysis of the content:\n\n**Main Point**: Provide a helpful, informative response based on general knowledge\n\n*Confidence: Low (based on 1 relevant passages)*",
    "metadata": {
      "model": "General Assistant",
      "responseTime": 1810,
      "type": "general_chat",
      "questionType": "general",
      "questionLength": 6,
      "answerLength": 214,
      "complexity": "low",
      "topics": [
        "science"
      ]
    }
  },
  "1": {
    "id": "5891eb5ed1c66d1e",
    "sessionId": "default",
    "timestamp": "2025-08-09T15:55:59.825Z",
    "question": "Store this information: what is this",
    "answer": "**[Generated by Enhanced Local Analysis]**\n\nBased on my analysis of the content:\n\n**Main Point**: Question: Store this information: what is this\n\n**Additional Information**: This is a general question without specific document context\n\n**Further Details**: Provide a helpful, informative response based on general knowledge\n\n*Confidence: High (based on 3 relevant passages)*",
    "metadata": {
      "model": "General Assistant",
      "responseTime": 293,
      "type": "general_chat",
      "questionType": "general",
      "questionLength": 36,
      "answerLength": 374,
      "complexity": "low",
      "topics": [
        "science"
      ]
    }
  },
  "2": {
    "id": "65043c959d779fa0",
    "sessionId": "default",
    "timestamp": "2025-08-09T15:57:06.368Z",
    "question": "hi",
    "answer": "**[Generated by Enhanced Local Analysis]**\n\nI couldn't find a direct answer to \"hi\" in the provided content. However, the document discusses several related topics including: default.\n\n**Suggestion**: Try asking a more specific question about one of these topics:\n• \"What is default?\"\n\n**Note**: For much better AI responses, consider setting up a free AI model. Check the BETTER_AI_SETUP.md file for instructions!",
    "metadata": {
      "model": "unknown",
      "responseTime": 4906,
      "documentsUsed": 0,
      "contextLength": 0,
      "type": "document_chat",
      "questionType": "general",
      "questionLength": 2,
      "answerLength": 414,
      "complexity": "low",
      "topics": [
        "artificial intelligence",
        "science"
      ]
    }
  },
  "3": {
    "id": "601d0b08103abeab",
    "sessionId": "default",
    "timestamp": "2025-08-09T15:57:13.731Z",
    "question": "score",
    "answer": "**[Generated by Enhanced Local Analysis]**\n\nI couldn't find a direct answer to \"score\" in the provided content. However, the document discusses several related topics including: default.\n\n**Suggestion**: Try asking a more specific question about one of these topics:\n• \"What is default?\"\n\n**Note**: For much better AI responses, consider setting up a free AI model. Check the BETTER_AI_SETUP.md file for instructions!",
    "metadata": {
      "model": "unknown",
      "responseTime": 4858,
      "documentsUsed": 0,
      "contextLength": 0,
      "type": "document_chat",
      "questionType": "general",
      "questionLength": 5,
      "answerLength": 417,
      "complexity": "low",
      "topics": [
        "artificial intelligence",
        "science"
      ]
    }
  },
  "4": {
    "id": "a85e5ad5551defb7",
    "sessionId": "default",
    "timestamp": "2025-08-17T05:40:20.013Z",
    "question": "hi",
    "answer": "**[Generated by Enhanced Local Analysis]**\n\nI couldn't find a direct answer to \"hi\" in the provided content. However, the document discusses several related topics including: default.\n\n**Suggestion**: Try asking a more specific question about one of these topics:\n• \"What is default?\"\n\n**Note**: For much better AI responses, consider setting up a free AI model. Check the BETTER_AI_SETUP.md file for instructions!",
    "metadata": {
      "model": "unknown",
      "responseTime": 8673,
      "documentsUsed": 0,
      "contextLength": 0,
      "type": "document_chat",
      "questionType": "general",
      "questionLength": 2,
      "answerLength": 414,
      "complexity": "low",
      "topics": [
        "artificial intelligence",
        "science"
      ]
    }
  },
  "5": {
    "id": "1db5ebf51e39ed45",
    "sessionId": "default",
    "timestamp": "2025-08-17T05:40:34.904Z",
    "question": "What can you do?",
    "answer": "**[Generated by Enhanced Local Analysis]**\n\nI couldn't find a direct answer to \"What can you do?\" in the provided content. However, the document discusses several related topics including: default.\n\n**Suggestion**: Try asking a more specific question about one of these topics:\n• \"What is default?\"\n\n**Note**: For much better AI responses, consider setting up a free AI model. Check the BETTER_AI_SETUP.md file for instructions!",
    "metadata": {
      "model": "unknown",
      "responseTime": 6589,
      "documentsUsed": 0,
      "contextLength": 0,
      "type": "document_chat",
      "questionType": "definition",
      "questionLength": 16,
      "answerLength": 428,
      "complexity": "low",
      "topics": [
        "artificial intelligence",
        "science"
      ]
    }
  },
  "6": {
    "id": "5520e2272a271985",
    "sessionId": "default",
    "timestamp": "2025-08-17T05:41:18.549Z",
    "question": "shsahnk trivedi",
    "answer": "**[Generated by Enhanced Local Analysis]**\n\nI couldn't find a direct answer to \"shsahnk trivedi\" in the provided content. However, the document discusses several related topics including: default.\n\n**Suggestion**: Try asking a more specific question about one of these topics:\n• \"What is default?\"\n\n**Note**: For much better AI responses, consider setting up a free AI model. Check the BETTER_AI_SETUP.md file for instructions!",
    "metadata": {
      "model": "unknown",
      "responseTime": 4581,
      "documentsUsed": 5,
      "contextLength": 4620,
      "type": "document_chat",
      "questionType": "general",
      "questionLength": 15,
      "answerLength": 427,
      "complexity": "low",
      "topics": [
        "artificial intelligence",
        "science"
      ]
    }
  },
  "7": {
    "id": "eff1851b0d85690c",
    "sessionId": "default",
    "timestamp": "2025-08-17T05:41:30.991Z",
    "question": "what is ai",
    "answer": "**[Generated by Enhanced Local Analysis]**\n\nI couldn't find a direct answer to \"what is ai\" in the provided content. However, the document discusses several related topics including: default.\n\n**Suggestion**: Try asking a more specific question about one of these topics:\n• \"What is default?\"\n\n**Note**: For much better AI responses, consider setting up a free AI model. Check the BETTER_AI_SETUP.md file for instructions!",
    "metadata": {
      "model": "unknown",
      "responseTime": 4705,
      "documentsUsed": 5,
      "contextLength": 4529,
      "type": "document_chat",
      "questionType": "definition",
      "questionLength": 10,
      "answerLength": 422,
      "complexity": "low",
      "topics": [
        "artificial intelligence",
        "science"
      ]
    }
  }
}
